{"IcoMoonType":"selection","icons":[{"icon":{"paths":["M0 312.747l120.704-120.747 391.467 398.464 391.125-398.464 120.704 120.747-511.829 519.253z"],"attrs":[{}],"isMulticolor":false,"isMulticolor2":false,"grid":0,"tags":["arrow-bottom"]},"attrs":[{}],"properties":{"order":51,"id":0,"name":"arrow-bottom","prevSize":32,"code":59649},"setIdx":0,"setId":5,"iconIdx":0},{"icon":{"paths":["M1010.799 950.252l-253.641-253.85c60.012-73.604 96.187-167.282 96.187-269.533 0-235.24-191.328-426.777-426.777-426.777s-426.568 191.537-426.568 426.777 191.328 426.568 426.777 426.568c102.042 0 195.929-36.175 269.533-96.187l253.641 253.641c17.355 17.355 43.702 17.355 61.058 0s17.355-43.284-0.209-60.64zM85.105 426.869c0-188.401 153.063-341.464 341.464-341.464s341.673 153.272 341.673 341.673-153.272 341.673-341.673 341.673-341.464-153.481-341.464-341.882z"],"attrs":[{}],"isMulticolor":false,"isMulticolor2":false,"grid":0,"tags":["search-solid"]},"attrs":[{}],"properties":{"order":47,"id":0,"name":"search-solid","prevSize":32,"code":59648},"setIdx":1,"setId":4,"iconIdx":0},{"icon":{"paths":["M627.2 608c-57.4 0-85 32-179.2 32s-121.6-32-179.2-32c-148.4 0-268.8 120.4-268.8 268.8v51.2c0 53 43 96 96 96h704c53 0 96-43 96-96v-51.2c0-148.4-120.4-268.8-268.8-268.8zM800 928h-704v-51.2c0-95.2 77.6-172.8 172.8-172.8 29.2 0 76.6 32 179.2 32 103.4 0 149.8-32 179.2-32 95.2 0 172.8 77.6 172.8 172.8v51.2zM448 576c159 0 288-129 288-288s-129-288-288-288-288 129-288 288 129 288 288 288zM448 96c105.8 0 192 86.2 192 192s-86.2 192-192 192-192-86.2-192-192 86.2-192 192-192z"],"attrs":[{}],"width":896,"isMulticolor":false,"isMulticolor2":false,"grid":0,"tags":["user-regular"]},"attrs":[{}],"properties":{"order":52,"id":5,"name":"user-regular","prevSize":32,"code":59650},"setIdx":2,"setId":3,"iconIdx":0}],"height":1024,"metadata":{"name":"icomoon"},"preferences":{"showGlyphs":true,"showQuickUse":true,"showQuickUse2":true,"showSVGs":true,"fontPref":{"prefix":"icon-","metadata":{"fontFamily":"icomoon"},"metrics":{"emSize":1024,"baseline":6.25,"whitespace":50},"embed":false},"imagePref":{"prefix":"icon-","png":true,"useClassSelector":true,"color":0,"bgColor":16777215,"classSelector":".icon","name":"icomoon"},"historySize":50,"showCodes":true,"gridSize":16}}